Port,Jan 2025,Feb 2025,Mar 2025,Apr 2025,May 2025,Jun 2025,Jul 2025,Aug 2025,Sep 2025,Oct 2025,Nov 2025,Dec 2025
SMP Kolkata,6523667,6031611.0,6243559.0,5966237.0,5285867.0,5934754.0,6330381.0,4718111.0,5084626.0,,6157410.0,6356907.0
KDS,1934429,1710092.0,1630699.0,1603645.0,1509242.0,1527374.0,1689915.0,1280760.0,1288076.0,,1488381.0,1639596.0
HDC,4589238,4321519.0,4612860.0,4362592.0,3776625.0,4407380.0,4640466.0,3437351.0,3796550.0,,4669029.0,4717311.0
Paradip,14132426,12599670.0,14159591.0,12600732.0,13501709.0,13142121.0,12954167.0,12453925.0,12127396.0,,12782815.0,13504346.0
Visakhapatnam,7057355,6169739.0,8919298.0,6711365.0,7548758.0,7326886.0,6752627.0,7069238.0,7677074.0,,8236823.0,8038897.0
Kamarajar,4480517,4017900.0,4575905.0,3709613.0,3973532.0,4105298.0,4037749.0,4145730.0,3871774.0,,4014494.0,4317710.0
Chennai,5081029,4377249.0,5000342.0,4737207.0,5242808.0,5079970.0,4804257.0,4899258.0,4703069.0,,4072370.0,5098191.0
V.O.C,3316728,3858249.0,3927840.0,3433948.0,3564735.0,3629833.0,3928735.0,3232697.0,3397899.0,,3086204.0,3655748.0
Cochin,3163348,3322231.0,3568171.0,3031887.0,2977373.0,3398458.0,3400118.0,3246776.0,2572228.0,,3553753.0,3106852.0
New Mangalore,4463129,4502400.0,4707073.0,3545554.0,3895938.0,3302749.0,3446294.0,3958458.0,4462644.0,,4184750.0,5437847.0
Mormugao,1936917,1554234.0,1991220.0,1483578.0,1648920.0,1678274.0,1572380.0,1458667.0,1516114.0,,2027478.0,2349333.0
Mumbai,5837429,5240506.0,6153096.0,5489724.0,6295321.0,5680484.0,5732235.0,5673403.0,6281773.0,,7080988.0,6821666.0
JNPA,7916009,7558122.0,8268348.0,8435788.0,8208243.0,7556081.0,8507867.0,8561654.0,8363122.0,,8337771.0,8957813.0
Deendayal,13026368,12000909.0,16332481.0,12828950.0,13051337.0,12032798.0,11408705.0,11969043.0,13076868.0,,13866786.0,13846272.0
