typeCode,freqCode,refPeriodId,refYear,refMonth,period,reporterCode,reporterISO,reporterDesc,flowCode,flowDesc,partnerCode,partnerISO,partnerDesc,partner2Code,partner2ISO,partner2Desc,classificationCode,classificationSearchCode,isOriginalClassification,cmdCode,cmdDesc,aggrLevel,isLeaf,customsCode,customsDesc,mosCode,motCode,motDesc,qtyUnitCode,qtyUnitAbbr,qty,isQtyEstimated,altQtyUnitCode,altQtyUnitAbbr,altQty,isAltQtyEstimated,netWgt,isNetWgtEstimated,grossWgt,isGrossWgtEstimated,cifvalue,fobvalue,primaryValue,legacyEstimationFlag,isReported,isAggregate
"C","M","20250101","2025","1","202501","699","IND","India","M","Import","0","W00","World","0","W00","World","H6","HS","true","270111","Coal; anthracite, whether or not pulverised, but not agglomerated","6","true","C00","TOTAL CPC","0","0","TOTAL MOT","8","kg","269020025","false","8","kg","269020025","false","269020025","false","0","false","42057568.237",,"42057568.237","0","false","true",
"C","M","20250201","2025","2","202502","699","IND","India","M","Import","0","W00","World","0","W00","World","H6","HS","true","270111","Coal; anthracite, whether or not pulverised, but not agglomerated","6","true","C00","TOTAL CPC","0","0","TOTAL MOT","8","kg","177232820","false","8","kg","177232820","false","177232820","false","0","false","25154087.653",,"25154087.653","0","false","true",
"C","M","20250301","2025","3","202503","699","IND","India","M","Import","0","W00","World","0","W00","World","H6","HS","true","270111","Coal; anthracite, whether or not pulverised, but not agglomerated","6","true","C00","TOTAL CPC","0","0","TOTAL MOT","8","kg","138356226","false","8","kg","138356226","false","138356226","false","0","false","20728273.571",,"20728273.571","0","false","true",
"C","M","20250401","2025","4","202504","699","IND","India","M","Import","0","W00","World","0","W00","World","H6","HS","true","270111","Coal; anthracite, whether or not pulverised, but not agglomerated","6","true","C00","TOTAL CPC","0","0","TOTAL MOT","8","kg","335897555","false","8","kg","335897555","false","335897555","false","0","false","45411424.388",,"45411424.388","0","false","true",
"C","M","20250501","2025","5","202505","699","IND","India","M","Import","0","W00","World","0","W00","World","H6","HS","true","270111","Coal; anthracite, whether or not pulverised, but not agglomerated","6","true","C00","TOTAL CPC","0","0","TOTAL MOT","8","kg","163891740","false","8","kg","163891740","false","163891740","false","0","false","22811933.608",,"22811933.608","0","false","true",
"C","M","20250601","2025","6","202506","699","IND","India","M","Import","0","W00","World","0","W00","World","H6","HS","true","270111","Coal; anthracite, whether or not pulverised, but not agglomerated","6","true","C00","TOTAL CPC","0","0","TOTAL MOT","8","kg","252644970","false","8","kg","252644970","false","252644970","false","0","false","34204188.334",,"34204188.334","0","false","true",
"C","M","20250701","2025","7","202507","699","IND","India","M","Import","0","W00","World","0","W00","World","H6","HS","true","270111","Coal; anthracite, whether or not pulverised, but not agglomerated","6","true","C00","TOTAL CPC","0","0","TOTAL MOT","8","kg","115882110","false","8","kg","115882110","false","115882110","false","0","false","16561498.469",,"16561498.469","0","false","true",
"C","M","20250801","2025","8","202508","699","IND","India","M","Import","0","W00","World","0","W00","World","H6","HS","true","270111","Coal; anthracite, whether or not pulverised, but not agglomerated","6","true","C00","TOTAL CPC","0","0","TOTAL MOT","8","kg","243731160","false","8","kg","243731160","false","243731160","false","0","false","34868503.556",,"34868503.556","0","false","true",
"C","M","20250901","2025","9","202509","699","IND","India","M","Import","0","W00","World","0","W00","World","H6","HS","true","270111","Coal; anthracite, whether or not pulverised, but not agglomerated","6","true","C00","TOTAL CPC","0","0","TOTAL MOT","8","kg","88045633","false","8","kg","88045633","false","88045633","false","0","false","11708522.572",,"11708522.572","0","false","true",
"C","M","20251001","2025","10","202510","699","IND","India","M","Import","0","W00","World","0","W00","World","H6","HS","true","270111","Coal; anthracite, whether or not pulverised, but not agglomerated","6","true","C00","TOTAL CPC","0","0","TOTAL MOT","8","kg","128445000","false","8","kg","128445000","false","128445000","false","0","false","18179463.639",,"18179463.639","0","false","true",
"C","M","20251101","2025","11","202511","699","IND","India","M","Import","0","W00","World","0","W00","World","H6","HS","true","270111","Coal; anthracite, whether or not pulverised, but not agglomerated","6","true","C00","TOTAL CPC","0","0","TOTAL MOT","8","kg","127978857","false","8","kg","127978857","false","127978857","false","0","false","16905584.784",,"16905584.784","0","false","true",
"C","M","20251201","2025","12","202512","699","IND","India","M","Import","0","W00","World","0","W00","World","H6","HS","true","270111","Coal; anthracite, whether or not pulverised, but not agglomerated","6","true","C00","TOTAL CPC","0","0","TOTAL MOT","8","kg","103141522","false","8","kg","103141522","false","103141522","false","0","false","13033599.523",,"13033599.523","0","false","true",
